ID,Nome,Endereço,Contato
1,Cliente 1,Endereço 1,contato1@email.com
2,Cliente 2,Endereço 2,contato2@email.com
3,Cliente 3,Endereço 3,contato3@email.com
4,Cliente 4,Endereço 4,contato4@email.com
5,Cliente 5,Endereço 5,contato5@email.com
6,Cliente 6,Endereço 6,contato6@email.com
7,Cliente 7,Endereço 7,contato7@email.com
8,Cliente 8,Endereço 8,contato8@email.com
9,Cliente 9,Endereço 9,contato9@email.com
10,Cliente 10,Endereço 10,contato10@email.com
11,Cliente 11,Endereço 11,contato11@email.com
12,Cliente 12,Endereço 12,contato12@email.com
13,Cliente 13,Endereço 13,contato13@email.com
14,Cliente 14,Endereço 14,contato14@email.com
15,Cliente 15,Endereço 15,contato15@email.com
16,Cliente 16,Endereço 16,contato16@email.com
17,Cliente 17,Endereço 17,contato17@email.com
18,Cliente 18,Endereço 18,contato18@email.com
19,Cliente 19,Endereço 19,contato19@email.com
20,Cliente 20,Endereço 20,contato20@email.com
